{
  "11": [
    2.1794910430908203, 
    "66"
  ], 
  "10": [
    1.782832145690918, 
    "68"
  ], 
  "13": [
    9.478397130966187, 
    "61"
  ], 
  "12": [
    2.190355062484741, 
    "64"
  ], 
  "15": [
    26.78507113456726, 
    "55"
  ], 
  "14": [
    21.118381023406982, 
    "60"
  ], 
  "16": [
    27.64625906944275, 
    "52"
  ], 
  "1": [
    0.002238035202026367, 
    "103"
  ], 
  "3": [
    0.002660989761352539, 
    "95"
  ], 
  "2": [
    0.002505064010620117, 
    "98"
  ], 
  "5": [
    0.03424715995788574, 
    "80"
  ], 
  "4": [
    0.003222942352294922, 
    "81"
  ], 
  "7": [
    1.4202640056610107, 
    "73"
  ], 
  "6": [
    0.6109409332275391, 
    "79"
  ], 
  "9": [
    1.6984879970550537, 
    "71"
  ], 
  "8": [
    1.433617115020752, 
    "72"
  ]
}